username:,displayname:,pluscode:,contactinfo:,rating id:,rating to:,rating from:,rating value:,listing id:,listing poster:,listing date:,listing title:,listing type:,deposit:,upfrontcost:,ratecost:,rateinterval:,currentavailable:,maxavailable:,pluscode:,contactinfo:,details:,imagecount:,visible:
,,,,,,,,,,,,,,,,,,,,,,,
untiedgnarled,Zoe Oneill,GV9F+Q5,(415) 635-7992,auto,Zoe Oneill,Trevor Norman,5,auto,Trevor Norman,7-Dec-19,table saw,buy,0,300,0,n/a,1,1,F24R+MX,(878) 837-7613,enter details here,7,TRUE
lilypadmizzen,Salvador Schmidt,86HWF5G2+,(414) 246-7630,auto,Salvador Schmidt,Hannah Montoya,5,auto,Hannah Montoya,8-Dec-19,sledge hammer,rent,20,0,10,hourly,2,2,F7Q2+C9,(726) 411-3701,enter details here,3,TRUE
anatomygrieving,Marlee Blackwell,5524+29,(994) 420-8859,auto,Marlee Blackwell,Kaylin Jones,5,auto,Kaylin Jones,9-Dec-19,drill set,buy,0,200,0,n/a,1,1,2FJR+PR,(278) 853-7365,enter details here,4,FALSE
riotpanettone,Aurora Barrett,7MX4+R8,(742) 756-7966,auto,Aurora Barrett,Madison Pearson,4,auto,Madison Pearson,11-Dec-19,leaf blower,borrow,0,0,0,hourly,1,2,3G27+P6,(698) 361-6232,enter details here,2,TRUE
worrierbafflement,Jazmyn Stanton,898C+RQ,(745) 850-4015,auto,Jazmyn Stanton,Priscilla Vazquez,4,auto,Priscilla Vazquez,16-Dec-19,chainsaw,rent,10,5,5,hourly,1,2,39MC+X2,(724) 708-3226,enter details here,3,TRUE
wadeefficient,Curtis Brown,FGRQ+V2,(289) 818-9342,auto,Curtis Brown,Darian Woodard,3,auto,Darian Woodard,17-Dec-19,sanding block,rent,0,5,10,daily,5,10,4WPR+GG,(699) 798-2347,enter details here,5,TRUE
facedsnore,Trevor Norman,F24R+MX,(878) 837-7613,auto,Trevor Norman,Jasper Adams,3,auto,Jasper Adams,18-Dec-19,belt sander,buy,0,100,0,n/a,1,1,7552+C2,(636) 616-5953,enter details here,4,TRUE
biscuitssupplier,Hannah Montoya,F7Q2+C9,(726) 411-3701,auto,Hannah Montoya,Salvador Schmidt,3,auto,Zoe Oneill,19-Dec-19,lawn mower,borrow,0,0,0,hourly,1,1,GV9F+Q5,(415) 635-7992,enter details here,3,TRUE
germicidebootie,Kaylin Jones,2FJR+PR,(278) 853-7365,auto,Kaylin Jones,Marlee Blackwell,1,auto,Salvador Schmidt,20-Dec-19,cordless drill,rent,10,5,2,hourly,2,2,86HWF5G2+,(414) 246-7630,enter details here,7,TRUE
outfitageless,Madison Pearson,3G27+P6,(698) 361-6232,auto,Madison Pearson,Aurora Barrett,5,auto,Marlee Blackwell,23-Dec-19,crowbar,borrow,0,0,0,hourly,3,4,5524+29,(994) 420-8859,enter details here,8,TRUE
skierantler,Priscilla Vazquez,39MC+X2,(724) 708-3226,auto,Priscilla Vazquez,Jazmyn Stanton,2,auto,Aurora Barrett,27-Dec-19,drill press,rent,100,0,20,daily,1,1,7MX4+R8,(742) 756-7966,enter details here,2,TRUE
leolily,Darian Woodard,4WPR+GG,(699) 798-2347,auto,Darian Woodard,Curtis Brown,4,auto,Jazmyn Stanton,30-Dec-19,assorted tool box,rent,50,0,15,hourly,1,1,898C+RQ,(745) 850-4015,enter details here,0,FALSE
shortsspeak,Jasper Adams,7552+C2,(636) 616-5953,auto,Jasper Adams,,4,auto,Curtis Brown,31-Dec-19,chainsaw,rent,20,0,10,hourly,1,1,FGRQ+V2,(289) 818-9342,enter details here,2,TRUE
,,,,,,,,,,,,,,,,,,,,,,,
,,,,,,,,,,,,,,,,,,,,,,,
